"farm_id","gps_coordinates_lat","gps_coordinates_lon","Subcounty","interviewer","farm_position","age_respondent","farm_years","farmsize_acres","n_cattle","ncattle_0_6m","ncattle_0_6m_male","ncattle_6_12m","ncattle_6_12m_male","ncattle_1_2y","ncattle_1_2y_male","ncattle_over2y","ncattle_over2y_male","cattle_grazing_method","cattle_communal_grazing","cattle_grazing_locations","own_sheep","number_sheep","sheep_grazing_method","sheep_communal_grazing","sheep_grazing_locations","own_goats","number_goats","goat_grazing_method","goats_communal_grazing","goat_grazing_location","own_pigs","number_pigs","pigs_feeding_method","own_donkeys","number_donkeys","communal_watering","dip","share_workers","employees_commute","commuting_employees_own_animals","share_equipment","farm_next_road","wildlife","other_wildlife","source_replacement_stock","replacement_source_other","number_replacement_bought","breeding_method","know_fmd","fmd_signs","other_signs","call_vet_fmd","fmd_last_six_months","fmd_month","number_animals_last_fmd","number_affected_last_fmd","affected_below_6months","affected_between6_12_months","affected_one_to_two_years","affected_above_two_years","months_fmd_village","fmd_area","fmd_prevent","other_prevent","vaccination_fmd","vacc_time","vacc_all","vacc_not","other_notvacc","who_vaccinates","vaccination_off_farm"
1,-0.305007845163345,35.9571685791016,4,1,1,65,3,10,11,2,2,2,2,2,2,5,0,"2",4,,1,10,"2",4,,2,0,,,,2,,,2,,0,0,2,2,99,2,1,"0",,"4","Breeding ",1,"2",1,"1,4,5",,1,2,"Null",,,,,,,12,2,"1",,1,1,1,,,"4",1
2,-0.413725912570953,35.974437713623,4,2,1,45,2,5,2,0,,1,1,0,,1,0,"2",4,,1,8,"2",4,,2,0,,,,2,,,2,,1,0,2,2,99,1,1,"0",,"2",,1,"2",1,"1,3,10",,1,2,"Null",,,,,,,,0,"10",,2,,,,,,
3,-0.219380006194115,35.8232002258301,1,4,1,32,3,4,8,3,3,0,,2,0,3,0,"2",3,"3",1,6,"2",4,,2,0,,,,2,,,2,,0,0,2,2,99,2,1,,,"3",,0,"1",1,"1,4",,1,2,"Null",,,,,,,48,4,"1,2",,1,1,1,,,"4",1
4,-0.276198327541351,35.802059173584,2,3,1,39,4,1,2,0,,0,,0,,2,0,"1",4,,1,4,"2",4,,2,0,,,,2,,,2,,0,0,2,2,99,2,1,"0",,"3",,0,"1",1,,,1,2,"Null",,,,,,,3,1,"10",,1,4,0,1,,"4",1
5,-0.242304995656013,35.8331527709961,2,4,1,27,2,2,6,0,,0,,2,0,4,0,"3",1,"3,6",1,6,"3",1,"7",1,2,"3",1,"6",2,,,2,,1,0,2,2,99,2,1,"0",,"3",,0,"1",1,"4,5",,1,2,"Null",,,,,,,0,0,"1",,1,3,1,,,"4",1
6,-0.332173943519592,35.7837066650391,2,2,1,37,3,5,4,1,0,0,,0,,3,0,"2",4,,1,5,"2",4,,2,0,,,,2,,,1,1,0,0,2,2,99,1,1,"4","Rabbits","2,3",,3,"1",1,"12","Don't Know",1,2,"Null",,,,,,,,0,"1,10",,1,3,1,,,"4",1
7,-0.532170414924622,35.9700164794922,4,2,1,67,4,1.25,4,0,,1,1,1,0,2,0,"1,3",2,"3",1,18,"3",1,"3",2,0,,,,2,,,2,,0,0,2,1,3,2,1,"0",,"3",,0,"1",1,"1,3,4,5",,1,2,"Null",,,,,,,,3,"2",,2,,,,,,
8,-0.339836657047272,35.9539833068848,4,3,1,25,4,1,3,0,,1,0,0,,2,0,"2,3",1,,1,10,"2,3",1,,2,0,,,,2,,,2,,1,0,2,1,2,1,1,,,"2,3",,0,,1,"1,4,5",,1,2,,,,,,,,15,,"1",,1,3,1,,,"5",0
9,-0.151798337697983,35.8533058166504,1,4,1,58,4,20,12,3,3,0,,0,,9,1,"2,3",2,,1,13,"2,3",2,,2,0,,,,2,,,2,,0,0,2,2,99,2,1,,,"2,3",,3,,1,"1,3,4,5,11",,1,2,"Null",,,,,,,1,,"1,2,9",,1,1,1,,,"4",0
10,-0.208471670746803,35.816219329834,1,4,1,27,3,3,2,0,,1,1,0,,1,0,"1",4,,1,3,"1",4,,2,0,,,,2,,,2,,0,0,2,2,99,2,1,,,"3",,0,"1",2,,,,,"Null",,,,,,,,,,,99,,,,,,
11,-0.301889985799789,35.8549194335937,2,4,1,74,4,3,1,0,,0,,1,0,0,,"2,3",3,"6",1,2,"3",1,"1,7",2,0,,,,2,,,2,,0,1,2,2,99,2,1,"0",,"2",,1,"3",1,"1",,3,2,"Null",,,,,,,24,4,"10",,2,,,,,,
12,-0.279933214187622,35.7626953125,2,3,1,36,2,0.5,4,2,2,0,,0,,2,0,"2,3",2,"3",2,0,,,,2,0,,,,2,,,2,,0,0,2,2,99,1,1,"0",,"3",,0,"1",2,,,,,"Null",,,,,,,,,,,99,,,,,,
13,-0.228404998779297,35.8853950500488,1,3,2,28,4,100,30,5,4,2,2,0,,15,6,"2",4,,2,0,,,,2,0,,,,2,,,2,,0,0,2,2,99,2,1,"4","Small gazelles","2,3",,0,"1",1,,,1,2,"Null",,,,,,,,1,"1,11","Frequent vet checks",1,1,1,,,"2",0
14,-0.19211833178997,35.8775253295898,1,4,1,24,4,2,5,0,,1,1,0,,3,0,"3",1,"6",1,12,"3",1,"7",2,0,,,,2,,,2,,0,0,2,1,1,2,1,"0",,"1,3",,0,"1",1,"1,4,5",,2,2,"Null",,,,,,,2,1,"1",,1,3,1,,,"4",0
15,-0.230745002627373,35.8948974609375,1,3,1,40,3,0.25,3,2,2,0,,0,,1,0,"2,3",1,"3",2,0,,,,1,5,"2,3",1,"3",2,,,2,,0,0,2,2,99,2,1,"0",,"2,3",,3,"3",1,,,1,2,"Null",,,,,,,,4,,,2,,,,,,
16,-0.392299741506577,35.9598007202148,4,1,2,29,2,10,7,0,,2,1,2,0,3,0,"2",4,,1,3,"2",4,,2,0,,,,2,,,2,,0,0,2,2,99,2,2,"0",,"3",,0,"1",1,,,2,2,"Null",,,,,,,2,1,"1",,1,3,1,,,"2",0
17,-0.336460530757904,35.988941192627,4,1,1,63,2,4,5,2,2,1,1,0,,2,0,"2",4,,2,0,,,,2,0,,,,2,,,2,,0,0,2,2,99,2,1,"0",,"2",,0,"1",1,,,1,2,"Null",,,,,,,,3,"2",,2,,,,,,
18,-0.305918335914612,35.9148178100586,4,3,1,38,2,0.25,2,4,1,0,,0,,1,0,"2,3",2,"2,3",2,0,,,,2,0,,,,2,,,2,,0,0,2,2,99,2,1,"0",,"2,3",,0,,1,"1,4,5",,1,2,"Null",,,,,,,,4,"10",,2,,,,,,
19,-0.437901675701141,35.9349021911621,4,3,1,62,4,3,3,0,,0,,0,,3,1,"2",4,,1,3,"2",4,,1,4,"2",4,,2,,,1,1,0,0,2,2,99,2,1,"0",,"1,3",,0,"2",1,"1,3,5",,1,2,"Null",,,,,,,17,3,"2,5",,1,4,1,,,"4",1
20,-0.216459378600121,35.8734092712402,1,1,1,16,4,15,11,3,2,0,,0,,7,0,"2",1,"2,3",2,0,,,,2,0,,,,2,,,2,,1,1,2,2,99,1,1,"0",,"1,2,3",,0,"1,3",1,"4",,1,2,,,,,,,,,3,"5,6",,1,3,1,,,"2",0
21,-0.349590003490448,35.9442176818848,4,3,2,26,,1,3,0,0,1,0,1,0,1,0,"1",4,,1,10,"2",4,,2,0,,,,2,,,2,,0,99,1,1,2,2,1,,,"1",,1,,1,"11",,2,2,"Null",,,,,,,0,,"10","Hygiene",1,,1,,,"4",
22,-0.236708328127861,35.8229827880859,2,4,2,18,3,1,7,0,,2,1,2,0,3,0,"3",1,"3,6",2,0,,,,2,0,,,,2,,,2,,1,0,2,2,99,2,2,"0",,"3",,0,"1",2,,,,,"Null",,,,,,,,,,,99,,,,,,
23,-0.22248500585556,35.973087310791,1,4,1,52,2,3,3,0,,1,0,0,,2,1,"2,3",2,"6",2,0,,,,1,3,"2",4,"5",2,,,2,,0,0,2,2,99,2,1,"2",,"3",,0,"1",1,"1,2,4",,1,2,"Null",,,,,,,12,3,"1",,1,3,1,,,"4",0
24,-0.261568337678909,35.8410873413086,2,3,1,21,3,2,3,0,,0,,1,1,2,0,"2,3",2,"3,6",1,7,"2",4,,2,0,,,,2,,,2,,1,0,2,2,99,2,1,"0",,"3",,0,"3",1,"1,3,11",,1,2,"Null",,,,,,,,4,"1",,1,1,1,,,"4",1
25,-0.306948006153107,35.7939109802246,2,2,1,62,3,1.5,4,1,0,0,,1,0,2,0,"3",1,"1",1,23,"3",1,"1",1,3,"3",1,"1",2,,,2,,1,0,2,2,99,2,1,"0",,"2,3",,0,"1",1,"1,4,5,6",,2,2,"Null",,,,,,,12,2,"11","Twice a year tx animals with herbal remedy ",2,,,,,,
26,-0.376582145690918,35.9247817993164,4,5,1,30,2,3,3,0,,1,1,0,,2,0,"1,3",2,"2,3,6",1,2,"1,3",2,"2,3,7",2,0,,,,2,,,2,,1,0,2,2,99,2,1,"0",,"2",,0,"1",1,"12","Don't Know",1,2,"Null",,,,,,,20,3,"1",,1,1,1,,,"3",0
27,-0.286541670560837,35.8922958374023,4,3,1,65,2,1.5,2,0,,1,0,0,,1,0,"2,3",2,"3,6",1,2,"2,3",2,"3,7",2,0,,,,2,,,2,,0,0,2,2,99,2,1,"0",,"3",,0,"1",1,"1,3",,1,2,"Null",,,,,,,,4,"2",,1,4,1,,,"4",1
28,-0.292441666126251,35.9332885742187,4,3,2,20,4,350,27,4,3,3,3,3,0,10,0,"2",4,,2,0,,,,2,0,,,,2,,,2,,0,0,2,1,2,2,1,"0",,"3,5",,1,"1",2,,,,,"Null",,,,,,,,,,,99,,,,,,
29,-0.292871654033661,35.7866668701172,2,3,1,37,2,0.25,2,0,,0,,1,0,1,0,"2,3",2,"3",1,6,"2,3",2,"3",2,0,,,,2,,,2,,1,0,2,2,99,2,1,"2","Gazelle","2",,1,,1,,,1,2,"Null",,,,,,,,4,"10",,2,,,,,,
30,-0.478473901748657,35.9892196655273,4,2,1,50,4,1.60000002384186,3,0,,0,,1,0,2,0,"2,3",4,,2,0,,,,2,0,,,,2,,,1,1,1,0,2,99,99,1,1,,,"3",,0,,1,,,1,2,"Null",,,,,,,,,,,2,,,,,,
31,-0.227836668491364,35.9831771850586,1,4,1,36,3,5,5,1,0,0,,0,,4,0,"2",4,,2,0,,,,1,3,"2",4,"5",2,,,2,,0,0,2,2,99,2,1,"0",,"1,3",,1,"1",1,"4,5",,1,2,"Null",,,,,,,0,3,"1,2",,1,4,1,,,"4",1
32,-0.223146662116051,35.8027839660645,1,4,1,26,4,3,2,0,,0,,1,0,1,0,"3",1,"1,3,6",1,16,"3",1,"3,7",2,0,,,,2,,,1,1,1,0,2,2,99,1,2,"2",,"1,3",,1,"3",1,"1,4,5",,2,2,"Null",,,,,,,4,2,"10",,2,,,,,,
33,-0.457658410072327,35.9739227294922,4,3,1,64,4,2.5,4,0,,1,0,1,1,2,0,"1,2",4,,1,8,"1,2",4,,2,0,,,,2,,,2,,0,0,1,1,1,2,1,"0",,"1,3",,1,"1",1,"1,2,4,5",,1,2,"Null",,,,,,,,4,"2",,2,,,,,,
34,-0.291778683662415,35.9761199951172,4,1,1,52,4,2.5,3,0,,1,1,0,,2,1,"2",4,,2,0,,,,2,0,,,,2,,,2,,0,0,2,2,99,2,1,"0",,"3",,0,"1",1,"1,4",,1,2,"Null",,,,,,,12,2,"1,2",,1,3,1,,,"4",1
35,-0.311057776212692,35.7938346862793,2,2,1,28,3,5,8,1,1,1,1,0,,6,0,"2",4,,2,0,,,,2,0,,,,2,,,2,,0,0,2,2,99,2,1,"0",,"2,3",,1,"1",1,"12","Don't Know",1,2,"Null",,,,,,,,0,"10",,2,,,,,,
36,-0.230888336896896,35.8426284790039,1,4,2,22,4,3,7,0,,1,0,0,,6,1,"2,3",2,,1,7,"2,3",2,,2,0,,,,2,,,2,,0,0,2,2,99,2,1,,,"3",,0,,1,"2,4",,1,2,"Null",,,,,,,11,,"1",,1,3,1,,,"4",1
37,-0.24419367313385,35.8118782043457,2,5,1,70,4,2,2,0,,0,,0,,2,0,"2,3",1,"6",1,1,"2,3",1,"3,7",1,1,"2,3",1,"3,6",2,,,2,,0,0,2,2,99,1,2,"0",,"3",,0,"1",1,"4,5",,1,2,"Null",,,,,,,,1,"1",,1,1,1,,,"5",1
38,-0.292753845453262,35.9332008361816,4,1,2,57,4,350,18,1,1,5,3,0,,15,0,"2",4,,2,0,,,,2,0,,,,2,,,2,,0,0,2,2,99,1,1,"0",,"3",,0,"1",1,"1,3,4,5,11",,1,2,"Null",,,,,,,,4,"1,2,5,9",,1,3,1,,,"4",1
39,-0.343906670808792,35.9502182006836,4,3,1,54,2,0.25,5,2,0,0,,1,0,2,0,"3",1,,1,2,"3",1,,2,0,,,,2,,,2,,0,0,2,2,99,1,1,,,"2",,1,,1,"1,3",,1,2,,,,,,,,20,,"2",,1,4,1,,,"5",0
40,-0.325726121664047,35.9280738830566,4,1,1,22,2,0.25,1,0,,0,,0,,1,0,"3",1,"3",2,0,,,,2,0,,,,2,,,2,,0,0,2,2,99,1,1,"0",,"4","Breedig",0,"1",1,"1,5",,1,2,"Null",,,,,,,,4,"1",,3,,,,,,
41,-0.235048338770866,35.8409118652344,1,4,1,78,2,0.5,3,1,0,1,0,0,,1,0,"3",1,,1,10,"3",1,,2,0,,,,2,,,2,,1,0,2,2,99,2,1,,,"3",,0,,1,"1,2,3,4,5",,1,2,"Null",,,,,,,12,,"1",,1,4,1,,,"4",1
42,-0.268465012311935,35.7705001831055,2,3,3,38,4,40,4,0,,0,,0,,4,0,"2,3",2,"3",1,5,"2",4,,1,20,"2,3",1,"3",2,,,1,2,0,0,1,2,99,2,1,"0",,"2,3",,2,"1",1,"1,2,3,4",,2,2,"Null",,,,,,,120,4,"10",,1,1,1,,,"4",0
43,-0.289550602436066,35.9831886291504,4,1,1,28,4,18,12,1,0,3,0,0,,8,0,"2",4,,2,0,,,,2,0,,,,2,,,2,,0,0,2,2,99,1,1,"0",,"2,3",,0,"1",1,"2,3",,1,2,"Null",,,,,,,,2,"1,2",,1,1,1,,,"4",1
44,-0.330702036619186,35.8906936645508,4,1,1,52,4,5,5,1,0,0,,0,,4,0,"2",4,,2,0,,,,2,0,,,,2,,,2,,1,0,2,2,99,1,1,"0",,"1,3",,1,"3",1,"1,2,3,4,5,11",,1,2,"Null",,,,,,,12,2,"1,2",,1,3,1,,,"4",0
45,-0.280165791511536,35.7644004821777,2,3,1,78,4,5,3,0,,1,1,0,,2,0,"2,3",2,"3",2,0,,,,2,0,,,,2,,,2,,1,0,2,2,99,2,1,"4","Monkeys","3",,0,"3",1,"1,2,4,5",,1,2,"Null",,,,,,,,4,"1",,1,4,1,,,"5",0
46,-0.234198331832886,35.8870697021484,1,3,1,85,4,5,2,1,1,0,,0,,1,0,"2",4,,2,0,,,,2,0,,,,2,,,2,,0,0,2,2,99,2,2,"4","Porcupines","3",,0,"1",1,"1,4,12","Drop in Milk Yield",1,2,"Null",,,,,,,,3,"2",,2,,,,,,
47,-0.371380805969238,35.9296760559082,4,1,1,65,4,5,2,0,,0,,1,1,1,0,"2",4,,1,2,"2",4,,2,0,,,,2,,,2,,0,0,2,2,99,2,1,"0",,"2,4","Breeding",0,"1",1,"4,5",,1,2,"Null",,,,,,,,0,"1",,1,3,1,,,"4",1
48,-0.300920605659485,35.9351463317871,4,1,1,31,2,4,8,0,,3,2,0,,4,0,"1,2",4,,1,15,"2",4,,2,0,,,,2,,,2,,0,0,2,2,99,2,1,"0",,"2,3",,2,"1",1,,,1,2,"Null",,,,,,,12,2,"6,9",,1,3,1,,,"2",0
49,-0.281932592391968,35.8341293334961,2,2,1,39,4,24,1,0,,0,,0,,1,0,"3",1,"6",2,0,,,,2,0,,,,2,,,2,,0,0,2,2,99,1,2,"0",,"2",,1,"1",1,"1,2,5,11",,1,2,"Null",,,,,,,,3,"10",,1,3,1,,,"4",1
50,-0.466742962598801,35.9816932678223,4,2,1,32,2,5,2,0,,0,,1,0,1,0,"2,3",2,"3",1,6,"2",4,,2,0,,,,2,,,2,,1,0,2,2,99,2,1,"0",,"2",,3,,1,"1,4,6,12",,1,2,"Null",,,,,,,24,3,"1",,1,4,1,,,"2",0
51,-0.27522999048233,35.9410400390625,4,3,2,30,4,178,42,8,0,9,,0,,15,0,"2",4,,1,15,"2",4,,2,0,,,,2,,,2,,0,0,2,2,99,2,2,"2",,"3",,0,"1",1,"2,3,10",,1,2,"Null",,,,,,,,3,"1",,1,3,1,,,"4",0
52,-0.492524057626724,35.962760925293,4,2,1,25,2,5,7,2,0,0,,0,,5,3,"2",4,,2,0,,,,2,0,,,,2,,,1,1,1,0,1,1,2,2,1,"0",,"3",,0,"2,3",1,"4,5",,1,2,"Null",,,,,,,3,1,"2,5,6,9",,2,,,,,,
53,-0.210456177592278,35.9342803955078,1,1,1,45,4,3,1,0,,0,,0,,1,0,"2",4,,1,3,"2,3",1,"7",1,5,"2,3",1,"6",2,,,2,,0,0,2,2,99,2,1,"3",,"2",,1,"1",1,"1,2",,1,2,"Null",,,,,,,0.100000001490116,1,"1",,2,,,,,,
54,-0.470875263214111,35.9643211364746,4,2,1,35,2,1,2,1,0,0,,0,,1,0,"2",4,,2,0,,,,1,1,"2",4,,2,,,2,,0,0,2,2,99,1,1,"4","Cheetahs ","1",,0,,1,"1,2,3,4",,1,2,"Null",,,,,,,1,,"10,11","Dk",1,3,1,,,"4",1
55,-0.329621225595474,35.7795028686523,2,2,1,53,1,5,1,0,,1,0,0,,0,,"3",1,"3",2,0,,,,2,0,,,,2,,,2,,0,0,2,2,99,1,1,"0",,"2",,1,,1,"1",,1,2,"Null",,,,,,,,0,"10",,2,,,,,,
56,-0.225381672382355,35.979850769043,1,4,2,24,3,5,5,1,0,0,,0,,4,0,"2,3",2,"3,6",1,2,"2,3",2,"7",1,2,"2,3",2,"6",2,,,2,,0,0,2,2,99,1,1,,,"1,3",,3,"1,3",1,"1,2,4,5",,2,1,"3",5,1,0,0,0,1,2,1,"11","Footbaths with magadi",1,4,1,,,"4",0
57,-0.36680081486702,35.9329452514648,4,2,1,28,3,5,13,3,1,1,0,2,0,7,0,"3",1,"6",1,13,"3",1,"7",1,1,"3",1,"6",2,,,2,,1,0,2,2,99,1,1,"0",,"3",,0,"1",1,"1,2,3,11,12","Drop in Milk Yield",1,2,"Null",,,,,,,1,1,"1",,1,3,1,,,"5",1
58,-0.364808231592178,35.9590644836426,4,2,1,32,2,15,5,1,1,1,0,1,0,2,0,"3",1,"6",1,5,"3",1,"7",2,0,,,,2,,,2,,1,0,2,2,99,2,1,"0",,"3",,0,"1",1,"4,5",,1,2,"Null",,,,,,,,3,"1",,1,4,1,,,"5",0
59,-0.319943338632584,35.8426666259766,2,4,1,56,2,5,5,2,0,0,,0,,4,0,"2,3",1,"1,6",1,3,"3",1,"1,3,7",2,0,,,,2,,,2,,0,0,2,2,99,2,1,"0",,"1,3",,1,"1,3",1,"3",,1,2,"Null",,,,,,,12,2,"1",,1,3,1,,,"4",1
60,-0.320736676454544,35.795841217041,2,3,1,23,2,0.25,6,2,1,1,1,0,,3,0,"2,3",1,"1,3,6",1,1,"2,3",1,"1,3,7",2,0,,,,2,,,2,,1,0,2,2,99,2,1,"0",,"3",,0,"3",2,,,,,"Null",,,,,,,,,,,99,,,,,,
61,-0.210515856742859,35.8865509033203,1,5,2,38,3,25,12,3,1,1,0,3,0,5,0,"2,3",2,"6",1,8,"2",4,,2,0,,,,2,,,2,,0,0,1,1,1,2,1,"2",,"2,3",,4,"1",1,"2,11",,1,2,"Null",,,,,,,2,1,"8,11","Avoid grazing by roadside",2,,,,,,
62,-0.455187618732452,35.988899230957,4,2,1,36,2,1,1,0,,0,,0,,1,0,"2",4,,2,0,,,,2,0,,,,2,,,2,,0,0,2,2,99,2,1,,,"2",,0,,1,"12","Don't Know",1,2,"Null",,,,,,,,,"10",,1,4,1,,,"4",1
63,-0.220780372619629,35.8774566650391,1,1,1,60,4,25,14,4,3,0,,0,,10,0,"2",4,,1,4,"2",4,,2,0,,,,2,,,2,,0,0,2,2,99,1,1,"0",,"2",,2,"1",1,"1,2,5,6",,1,2,"Null",,,,,,,5,1,"2,11","Bussa",1,1,1,,,"4",0
64,-0.141166672110558,35.8643188476562,1,4,1,54,4,8,6,3,2,0,,0,,4,0,"2,3",2,,1,5,"2",4,,2,0,,,,2,,,2,,1,1,1,2,99,2,1,,,"3",,0,,1,"1,4,5",,1,2,"Null",,,,,,,3,,"1",,1,1,1,,,"4",1
65,-0.205258339643478,35.8200988769531,1,4,1,53,3,5,4,1,0,0,,1,0,2,0,"2,3",2,"3,6",1,2,"3",1,"3,7",2,0,,,,2,,,2,,0,0,2,2,99,2,1,,,"2,3",,1,"1",1,"1,4,5",,1,2,"Null",,,,,,,0,0,"1,2,6",,1,4,1,,,"4",1
66,-0.354388773441315,35.8898277282715,4,1,1,46,3,1.75,1,0,,0,,0,,1,0,"2",4,,2,0,,,,2,0,,,,2,,,2,,0,0,2,2,99,2,1,"4","Wild dogs","2",,1,"3",1,"1,4,5",,1,2,"Null",,,,,,,12,2,"1,2",,1,3,1,,,"4",1
67,-0.206248328089714,35.8123168945312,1,4,3,34,3,3,3,0,,0,,0,,3,0,"2",4,,1,6,"2",4,,2,0,,,,2,,,2,,0,0,2,1,99,1,1,,,"2",,3,"1",1,"1,3,5,12","Drop in Milk Yield",1,2,"Null",,,,,,,0,4,"1,2,5,11","Dont cut grass outside",1,4,1,,,"4",1
68,-0.248072147369385,35.9124946594238,1,5,1,51,4,2,3,1,1,1,0,0,,1,0,"3",2,"6",1,2,"3",1,"7",2,0,,,,2,,,2,,0,0,2,2,99,2,2,"0",,"1",,2,"1",1,"4,5",,1,2,"Null",,,,,,,1,1,"10",,1,1,1,,,"4",1
69,-0.274326652288437,35.7877960205078,2,3,1,36,4,1,2,0,,0,,0,,2,0,"1",4,,1,2,"2,3",2,"3",2,0,,,,2,,,2,,1,0,2,2,99,1,1,"2,4","Leopard","2",,0,"3",1,"1,2",,1,2,"Null",,,,,,,36,4,"1",,1,4,1,,,"3",0
70,-0.47940468788147,35.9990043640137,4,2,1,70,4,1.60000002384186,3,1,0,0,,0,,2,0,"3",1,,1,6,"3",1,,2,0,,,,2,,,1,1,1,0,2,2,99,1,1,,,"2",,0,,1,"12","Don't Know",1,2,"Null",,,,,,,,,"10",,2,,,,,,
71,-0.280274987220764,35.8850593566895,4,3,1,64,4,4,2,0,,0,,1,0,1,0,"2,3",2,"3",2,0,,,,2,0,,,,2,,,2,,0,0,1,1,2,1,1,"0",,"3",,0,"1",1,"1,5,10",,1,2,"Null",,,,,,,,3,"10",,1,2,1,,,"4",1
72,-0.197153091430664,35.8669929504395,1,5,1,15,2,1,5,0,,1,0,1,0,3,0,"2,3",4,,1,30,"2,3",4,,1,8,"2,3",4,"1",2,,,2,,1,0,2,2,99,1,1,"2",,"2",,1,"3",1,"1,3,11,12","Rough coat",2,1,"4",5,2,0,0,0,2,3,1,"10",,2,,,,,,
73,-0.338526666164398,35.8569450378418,2,4,1,36,4,7,3,0,,0,,0,,3,0,"2,3",2,"1,3,6",1,12,"2",4,,2,0,,,,2,,,2,,1,0,2,2,99,1,1,"0","Leopard","1,3",,3,"3",1,"1,3,4,5",,2,2,"Null",,,,,,,60,4,"1",,1,2,1,,,"4",1
74,-0.23910166323185,35.857723236084,2,4,1,56,1,0.5,1,0,,0,,1,0,0,,"3",1,"1,3,6",1,8,"3",1,"3,7",2,0,,,,2,,,2,,1,0,2,2,99,2,1,"0",,"2",,1,"1",1,"1,3,4",,1,2,"Null",,,,,,,2,1,"1",,1,3,1,,,"4",1
75,-0.409436672925949,35.9840965270996,4,3,1,30,4,10,2,0,,1,0,0,,1,0,"2",4,,1,4,"2",4,,2,0,,,,2,,,2,,0,0,2,2,99,1,1,"0",,"3",,0,"3",1,"3,5",,1,2,"Null",,,,,,,24,4,"1",,1,4,1,,,"5",1
76,-0.389871627092361,35.9680786132812,4,1,1,72,4,10,3,0,,0,,0,,3,0,"2",4,,1,10,"2",4,,1,1,"2",4,,2,,,2,,0,0,2,2,99,2,1,"4","Leopard","3",,0,"1",1,"5,6",,1,2,"Null",,,,,,,,4,"1",,1,4,1,,,"2",1
77,-0.328009992837906,35.9615173339844,4,3,1,32,4,2.5,7,3,2,0,,1,0,4,0,"2",4,,1,2,"2",4,,2,0,,,,2,,,2,,0,0,1,1,1,2,1,,,"2",,1,,1,"2,5",,1,2,,,,,,,,24,,"2",,1,4,1,,,"2",0
78,-0.416678339242935,35.9494018554687,4,3,1,42,4,5,3,0,,0,,1,1,2,2,"2",4,,2,0,,,,2,0,,,,2,,,2,,0,0,2,2,99,2,1,"0",,"2",,0,,1,"4",,2,2,"Null",,,,,,,,4,"10",,1,3,1,,,"6",1
79,-0.120013333857059,35.858642578125,1,4,1,41,4,3,3,0,,0,,2,0,1,0,"3",1,"3,6",1,6,"3",1,"3,7",2,0,,,,2,,,2,,1,0,2,2,99,1,1,"0",,"1,3",,0,"3",1,"1,4,5",,2,2,"Null",,,,,,,12,3,"1,2,8",,1,4,1,,,"4",1
80,-0.314579993486404,35.9215888977051,4,3,1,60,2,1.5,1,0,,0,,0,,1,0,"2,3",2,"3,6",2,0,,,,2,0,,,,2,,,2,,0,0,2,2,99,2,1,"0",,"3",,0,"1",1,,,1,2,"Null",,,,,,,,3,"10",,1,3,1,,,"2",0
81,-0.23845499753952,35.9210014343262,1,4,1,32,2,3,9,1,1,0,,0,,8,0,"2",3,"6",1,3,"2,3",1,"3,7",2,0,,,,2,,,2,,0,0,2,2,99,2,2,"0",,"3",,2,"1",1,"1,3,4,5",,1,2,"Null",,,,,,,24,3,"1,2",,1,4,1,,,"4",1
82,-0.513417720794678,35.9820365905762,4,3,1,60,3,5,1,0,,0,,0,,1,0,"2",4,,2,0,,,,2,0,,,,2,,,2,,0,0,2,2,99,1,1,,,"5",,0,,1,"1,4,5",,1,2,"Null",,,,,,,,,"2",,1,4,1,,,"5",1
83,-0.320516675710678,35.9272918701172,4,3,1,36,2,0.25,2,0,,0,,1,1,1,0,"2,3",1,"3,6",2,0,,,,1,3,"2,3",1,"3,6",2,,,2,,0,0,2,2,99,1,1,"0",,"3",,0,"1",1,"1,3,12","Irritated eyes",1,2,"Null",,,,,,,24,4,"10",,2,,,,,,
84,-0.298949986696243,35.8541984558105,2,4,1,46,4,4,2,0,,0,,0,,2,0,"2",4,,2,0,,,,2,0,,,,2,,,2,,0,0,2,2,99,2,1,"0",,"1,3",,0,"3",2,,,,,"Null",,,,,,,,,,,99,,,,,,
85,-0.16205333173275,35.875862121582,1,4,1,30,2,0.75,4,2,1,0,,0,,2,0,"2",4,,2,0,,,,2,0,,,,2,,,2,,0,0,2,2,99,2,1,"4","None","2,3",,0,,1,"1,5",,2,2,"Null",,,,,,,2,,"2,10",,2,,,,,,
86,-0.250813364982605,35.9239311218262,1,5,3,27,4,4.5,7,0,,1,0,1,0,5,0,"2",4,,2,0,,,,2,0,,,,2,,,2,,0,0,2,2,99,2,1,"0",,"2,3",,2,"1",1,"3,11",,1,2,"Null",,,,,,,36,4,"10",,2,,,,,,
87,-0.259059995412827,35.8671875,2,4,1,46,2,0.75,1,0,,0,,0,,1,0,"2",2,"6",2,0,,,,1,2,"2",4,"5",2,,,2,,1,0,2,2,99,2,1,"2",,"2",,1,"3",1,"1,2,3,5",,2,2,"Null",,,,,,,0,0,"1",,2,,,,,,
88,-0.319411665201187,35.8550186157227,2,4,3,57,2,2,8,0,,0,,0,,8,1,"3",1,"3",2,0,,,,2,0,,,,2,,,2,,1,1,2,2,99,2,1,"0",,"1,3",,0,"3",1,"1,2,4,5",,1,2,"Null",,,,,,,22,3,"1",,1,1,0,2,,"4",1
89,-0.325076669454575,35.9295272827148,4,3,1,43,2,0.25,2,0,,1,1,0,,1,0,"2,3",1,"3,6",1,2,"2,3",1,"3,7",1,2,"2,3",1,"2,6",2,,,2,,0,0,2,2,99,2,1,"0",,"2,3",,0,"3",1,"1,5",,1,2,"Null",,,,,,,,4,"11","Keep animals away from other animals",2,,,,,,
90,-0.330447137355804,35.7606468200684,2,2,1,37,4,1,5,1,1,0,,0,,4,0,"1",4,,1,8,"3",1,"3",2,0,,,,2,,,2,,1,0,1,2,99,2,1,"0",,"2,3",,0,"1",2,,,,,"Null",,,,,,,,,,,99,,,,,,
91,-0.298869967460632,35.9771385192871,4,1,2,24,2,3,24,2,0,10,0,3,0,15,0,"1",4,,2,0,,,,2,0,,,,2,,,2,,0,0,1,1,1,2,1,"0",,"2,3",,1,"1",1,"2,3,11",,1,2,"Null",,,,,,,,0,"1",,1,2,1,,,"4",0
92,-0.128306671977043,35.8984870910645,1,4,1,28,4,7,4,0,,2,1,1,0,1,0,"2",4,,2,0,,,,2,0,,,,2,,,2,,0,0,2,2,99,2,1,,,"3",,0,"1,3",1,"3,11",,1,2,"Null",,,,,,,0,0,"10",,1,4,1,,,"4",1
93,-0.129264995455742,35.8358688354492,1,4,1,45,3,2,5,0,,1,0,1,0,3,0,"2",4,,1,15,"2",4,,1,5,"2",4,,2,,,2,,1,1,2,2,99,2,1,,,"2",,0,,1,"1,5,11",,1,2,"Null",,,,,,,24,,"1,2",,1,2,1,,,"4",1
94,-0.282698333263397,35.8726921081543,4,3,1,70,4,2,4,2,1,0,,0,,2,0,"2",4,,1,15,"2",4,,1,4,"2",4,,2,,,2,,0,0,2,2,99,1,1,"0",,"2,3",,1,"1",1,"1,2,5",,1,2,"Null",,,,,,,,4,"1,2,5",,1,2,1,,,"4",1
95,-0.282166659832001,35.874324798584,4,4,1,68,,4,6,0,0,1,0,1,1,4,0,"1",4,,2,0,,,,2,0,,,,2,,,2,,0,99,2,2,99,2,2,"2",,"1",,0,,1,"1,4",,3,2,"Null",,,,,,,0,,"2,5,6",,1,,1,,,"4",
96,-0.353480994701385,35.9757041931152,4,2,2,36,2,10,5,1,0,0,,2,0,2,0,"1",4,,2,0,,,,1,8,"1",4,,2,,,2,,0,0,2,2,99,2,1,"0",,"2,3",,1,"1",1,"1,3,4,5",,1,2,"Null",,,,,,,,2,"1,2,9,11","Zero grazing",2,,,,,,
97,-0.242732509970665,35.9527473449707,1,1,1,56,3,2,10,4,2,1,0,2,0,3,0,"2,3",1,"3",2,0,,,,1,4,"2",4,,2,,,2,,0,0,1,1,1,2,1,"0",,"2",,0,"1,3",1,"1,2,12","Drop in Milk Yield",1,2,"Null",,,,,,,12,2,"2",,1,1,1,,,"4",1
98,-0.22412833571434,35.8393287658691,1,4,1,47,2,1,2,1,0,0,,0,,1,0,"2",3,,2,0,,,,2,0,,,,2,,,2,,0,0,2,2,99,2,1,,,"3",,0,,1,,,3,2,"Null",,,,,,,1,,"10",,2,,,,,,
99,-0.226346671581268,35.8108177185059,1,4,1,42,2,3,1,0,,0,,1,0,0,,"2",4,,2,0,,,,2,0,,,,2,,,2,,0,0,2,2,99,2,1,"0",,"1",,1,"1",1,"1,4,5,11",,1,2,"Null",,,,,,,24,3,"1,2,8",,1,3,1,,,"2",0
100,-0.330218344926834,35.954288482666,4,3,1,38,3,0.25,1,0,,0,,0,,1,0,"1",4,,2,0,,,,2,0,,,,2,,,2,,0,0,1,1,2,2,1,"0",,"2",,0,,1,"5",,1,2,"Null",,,,,,,,4,"2",,3,,,,,,
101,-0.191917419433594,35.892822265625,1,5,2,16,3,0.25,5,1,1,2,2,1,0,1,0,"3",1,"6",2,0,,,,2,0,,,,2,,,2,,1,0,2,2,99,2,1,"0",,"2,3",,1,"1,3",1,"2,3,4,5,10",,1,1,"2",6,5,1,2,0,1,,1,"10",,2,,,,,,
102,-0.338486671447754,35.7723350524902,2,3,1,28,4,5,7,1,0,0,,1,0,5,1,"2,3",2,"3",1,8,"2,3",2,"3",2,0,,,,2,,,1,5,0,0,2,2,99,2,1,"4","Hares","2,3",,2,"1,3",1,,,1,2,"Null",,,,,,,,0,"10",,2,,,,,,
103,-0.157324999570847,35.8837738037109,1,4,1,46,2,1,6,3,1,0,,0,,3,0,"2",4,,2,0,,,,2,0,,,,2,,,2,,1,1,2,2,99,2,1,,,"2",,0,,1,"1,4",,2,1,"3",6,6,3,0,0,3,2,,"10",,2,,,,,,
104,-0.216672569513321,35.9483070373535,1,1,1,35,3,9,11,4,2,2,1,2,0,3,0,"2",4,,1,10,"2",4,,2,0,,,,2,,,2,,0,0,2,2,99,1,1,"0",,"3",,0,"1",1,"1,2,3,5,10",,1,2,"Null",,,,,,,,4,"1,2",,1,4,1,,,"4",0
105,-0.15998999774456,35.9063453674316,1,4,2,34,2,10,8,1,0,0,,0,,7,3,"2",4,,2,0,,,,2,0,,,,2,,,2,,0,0,2,2,99,2,1,,,"1,2",,0,,1,"1,4",,2,2,"Null",,,,,,,5,,"2,3",,2,,,,,,
106,-0.127138331532478,35.872501373291,1,4,1,33,4,3,7,2,0,0,,3,0,2,0,"2",4,,1,2,"2",4,,2,0,,,,2,,,2,,1,1,2,2,99,1,1,,,"3",,0,"1",1,"1,4,5",,2,2,"Null",,,,,,,2,1,"1",,1,4,1,,,"4",1
107,-0.321523755788803,35.8990020751953,4,1,2,32,2,10,20,6,3,4,0,0,,10,3,"2",4,,2,0,,,,2,0,,,,2,,,2,,1,0,2,2,99,2,1,"0",,"3",,0,"2",1,"3,4,5",,1,2,"Null",,,,,,,,3,"5",,1,4,1,,,"4",0
108,-0.273293346166611,35.7537155151367,2,3,1,13,2,0.5,2,1,1,0,,0,,1,0,"1",4,,1,2,"1,2",4,,2,0,,,,2,,,2,,0,0,2,2,99,1,1,"4","Hares","2,3",,0,"1",2,,,,,"Null",,,,,,,,,,,99,,,,,,
109,-0.129734992980957,35.8565216064453,1,4,1,78,4,12,17,0,,3,0,0,,3,0,"2,3",2,,2,0,,,,1,4,"3",1,,2,,,2,,1,1,1,2,99,2,1,,,"3",,0,,1,"1,4,6,11,12","Drop in Milk Yield",1,2,"Null",,,,,,,2,,"1,10",,1,3,1,,,"4",1
110,-0.516335189342499,35.9643096923828,4,5,1,32,4,2,5,1,0,1,1,1,0,2,0,"2",4,,1,3,"3",1,,2,0,,,,2,,,1,2,1,0,1,1,1,2,1,,,"3",,0,,1,"5",,1,2,"Null",,,,,,,,,"10",,1,4,0,1,,"5",1
111,-0.497330337762833,35.9615211486816,4,2,1,60,4,5,1,0,,0,,1,1,0,,"2",4,,2,0,,,,2,0,,,,2,,,2,,0,0,2,2,99,2,1,"0",,"3",,0,"1",1,"1,3,4",,2,2,"Null",,,,,,,,4,"2,5",,1,4,1,,,"4",1
112,-0.289118319749832,35.7595405578613,2,3,5,28,4,20,7,1,0,0,,1,1,5,0,"2,3",2,"3,6",1,6,"2",4,,2,0,,,,2,,,2,,0,0,2,1,2,2,1,"0",,"3",,0,"1",1,"1,4",,1,2,"Null",,,,,,,,,"10",,3,,,,,,
113,-0.208440005779266,35.8313484191895,1,4,3,36,2,3,6,0,,3,1,0,,3,0,"2,3",2,"3",2,0,,,,2,0,,,,2,,,2,,0,0,2,2,99,2,1,,,"3",,0,"3",1,"2,4,5",,1,2,"Null",,,,,,,0,0,"2",,2,,,,,,
114,-0.251956671476364,35.8717765808105,2,4,1,42,2,1,1,0,,0,,0,,1,0,"2",4,,2,0,,,,2,0,,,,2,,,2,,0,0,2,2,99,2,1,"0",,"1",,2,"1",2,,,,,"Null",,,,,,,,,,,99,,,,,,
115,-0.20797698199749,35.9285774230957,1,1,3,34,2,4,2,0,,0,,0,,2,0,"2",4,,1,4,"2",4,,1,2,"2",4,,2,,,2,,0,0,2,2,99,2,1,"0",,"2",,1,"1",1,"1,3,5",,1,2,,,,,,,,0.100000001490116,1,"1",,2,,,,,,
116,-0.345487892627716,36.0006217956543,4,1,1,45,3,4.5,3,1,0,0,,0,,2,0,"2",4,,1,1,"2",4,,2,0,,,,2,,,2,,0,0,2,2,99,2,1,"0",,"4","Breeding ",0,"3",1,"4,5",,1,2,"Null",,,,,,,12,2,"1",,1,1,1,,,"2",0
117,-0.176371663808823,35.8966217041016,1,4,2,36,4,6,11,0,,5,2,0,,6,0,"2,3",1,"3,6",1,2,"2",4,,2,0,,,,2,,,2,,1,1,1,2,99,1,1,,,"2",,2,"3",1,"1,5",,1,1,"3",11,3,0,2,0,1,1,1,"2",,2,,,,,,
118,-0.223356664180756,35.9878768920898,1,4,1,42,2,2,1,0,,1,0,0,,0,,"3",1,"6",2,0,,,,2,0,,,,2,,,2,,0,0,2,2,99,2,1,"0",,"2",,1,,1,"1,3,4,5,11",,1,2,"Null",,,,,,,24,3,"1",,1,4,1,,,"4",1
119,-0.386364847421646,35.9210586547852,4,1,1,25,2,1.5,2,0,,0,,1,0,1,0,"2,3",1,"3,6",1,5,"2",4,,2,0,,,,2,,,2,,0,0,2,2,99,2,1,"0",,"2",,0,"1",1,"4,5",,1,2,"Null",,,,,,,0,3,"1",,1,3,1,,,"4",1
120,-0.340281069278717,35.9315490722656,4,1,1,42,3,0.25,1,0,,0,,0,,1,0,"2",4,,1,30,"2,3",1,"3",1,20,"2,3",1,"3",2,,,2,,0,0,2,2,99,2,1,"0",,"4","Breeding ",0,"1",1,"1,5",,1,2,"Null",,,,,,,12,3,"2,9",,1,1,1,,,"2",0
121,-0.20634999871254,35.8593368530273,1,4,1,38,2,0.5,4,1,0,1,1,0,,2,0,"2,3",1,"2,3,6",1,10,"3",1,"2,3,7",1,1,"3",1,"2,3,6",2,,,2,,1,1,2,2,99,1,1,,,"2",,1,"3",1,"1,4,5",,2,1,"2",3,1,0,0,0,1,1,1,"2",,2,,,,,,
122,-0.220523327589035,35.8136901855469,1,4,1,27,4,3,5,1,1,0,,1,0,3,0,"3",1,"3,6",1,9,"3",1,"1,3,7",2,0,,,,2,,,1,2,1,0,2,2,99,1,1,,,"2",,1,"3",1,"1,2,3,5,11",,1,2,"Null",,,,,,,24,4,"1",,1,4,1,,,"2",0
123,-0.383597940206528,35.9594421386719,4,2,1,60,4,20,14,3,2,2,1,7,1,2,0,"2",4,,1,5,"2",4,,2,0,,,,2,,,2,,0,0,2,2,99,2,2,"0",,"2,3",,0,"1,2",1,"1,4,12","Problems with ears",1,2,"Null",,,,,,,13,3,"1,11","Bussa",1,3,1,,,"4",0
124,-0.481574535369873,35.9831275939941,4,3,2,34,3,4,1,0,,0,,0,,1,0,"2",3,,2,0,,,,2,0,,,,2,,,2,,0,0,2,2,99,2,1,,,"3",,0,,1,,,1,2,"Null",,,,,,,,,"10",,3,,,,,,
125,-0.33182692527771,35.8008728027344,2,2,1,38,3,1.75,6,2,1,0,,1,0,3,1,"2",4,,2,0,,,,2,0,,,,2,,,2,,1,0,2,2,99,2,1,"0",,"2,3",,1,"2",1,"1,2,3,5",,1,2,"Null",,,,,,,12,2,"1",,1,3,1,,,"4",0
126,-0.216338336467743,35.8164520263672,1,4,1,68,4,12,4,1,0,0,,0,,3,1,"2",3,"5",1,2,"2",4,,2,0,,,,2,,,2,,0,0,2,2,99,1,2,"2",,"2,3",,1,"2,3",1,"1,2,3,4,5",,1,2,"Null",,,,,,,24,3,"1,2",,1,4,1,,,"4",1
127,-0.227956667542458,35.8643112182617,1,4,1,53,4,10,20,6,2,4,3,0,,9,0,"2",4,,1,13,"2",4,,1,14,"2",4,"5",2,,,2,,0,0,2,1,2,2,1,,,"3",,0,"1",1,"1,4,5,12","Drop in Milk Yield",1,2,"Null",,,,,,,0,0,"1,2",,1,1,1,,,"2",0
128,-0.395190387964249,35.9478340148926,4,1,1,56,3,0.5,3,0,,0,,1,0,2,0,"2,3",1,"3",1,4,"2,3",1,"3",1,2,"2,3",1,"3",2,,,2,,0,0,2,2,99,2,1,"0",,"2",,2,"1",1,"1,5",,1,2,"Null",,,,,,,,0,"1,2",,1,3,1,,,"4",0
129,-0.299005001783371,35.9195594787598,4,3,1,70,4,5,2,0,,0,,0,,2,0,"2",4,,1,8,"2",4,,2,0,,,,2,,,2,,0,0,2,2,99,2,2,"0",,"2",,1,"1",1,"3,5",,1,2,"Null",,,,,,,12,3,"1",,1,4,1,,,"4",0
130,-0.322881668806076,35.8747100830078,2,4,1,56,4,6,8,2,1,0,,3,0,3,0,"3",1,"2,3,6",1,6,"3",1,"1,2,3,7",2,0,,,,2,,,2,,1,0,2,2,99,2,1,"0",,"1,3",,2,"1,3",1,"1,4,5",,2,2,"Null",,,,,,,24,2,"1",,1,1,0,2,,"4",1
131,-0.356108158826828,35.8942375183105,4,1,1,32,4,5,6,0,,3,1,0,,3,0,"3",1,"3",1,17,"2",1,"3",2,0,,,,2,,,1,3,1,0,2,2,99,1,1,"0",,"1,3",,3,"3",1,"1,4",,1,2,,,,,,,,12,3,"10",,1,3,1,,,"4",1
132,-0.231295004487038,35.9275207519531,1,4,2,30,4,3,3,1,1,0,,0,,2,0,"2",4,,1,4,"2",4,,2,0,,,,2,,,2,,0,0,2,2,99,2,1,"0",,"1",,2,"1",1,"1,2,4,5",,1,2,"Null",,,,,,,24,3,"1,2",,1,3,0,2,,"4",0
133,-0.479128032922745,35.9415740966797,4,3,1,27,4,3,3,0,,0,,0,,3,1,"2,3",2,"1",1,4,"2,3",2,"1",2,0,,,,2,,,2,,1,0,2,2,99,1,1,"0",,"1,3",,3,"3",1,"1,4,5",,1,2,"Null",,,,,,,,4,"11","Spray animals to kill ticks",1,4,1,,,"4",1
134,-0.248157978057861,35.8217010498047,2,5,1,29,2,2,4,1,0,1,1,0,,2,0,"2,3",2,"6",2,0,,,,2,0,,,,2,,,2,,0,0,2,2,99,2,1,"2,4","Hares","3",,0,"3",1,"1,3,4,5,11,12","Drop in Milk Yield",1,2,"Null",,,,,,,,1,"10",,1,1,1,,,"3",0
135,-0.246393084526062,35.7868804931641,2,5,1,30,3,100,13,0,,0,,3,1,10,0,"2",4,,1,6,"2",4,,2,0,,,,2,,,2,,0,0,2,2,99,2,1,"2",,"2,3",,3,"1",1,"1,2,3,5",,1,2,"Null",,,,,,,10,2,"1",,1,3,1,,,"4,5",0
136,-0.32835066318512,35.9449768066406,4,5,1,35,,0.25,2,0,0,0,0,1,1,1,0,"2",2,,2,0,,,,2,0,,,,2,,,2,,0,99,2,2,99,2,1,,,"2",,2,,1,"1,2,11",,1,2,"Null",,,,,,,12,,"10","Bring feed in",2,,,,,,
137,-0.245166674256325,35.8741607666016,2,4,1,81,3,0.75,2,0,,0,,1,0,1,0,"3",1,"3,6",1,5,"3",1,"3,7",2,0,,,,2,,,2,,1,1,2,2,99,2,1,"0",,"1,3",,1,"1,3",1,"1,4,5",,2,2,"Null",,,,,,,1,1,"10",,1,1,1,,,"4",1
138,-0.184266671538353,35.9036331176758,1,4,3,58,4,20,22,0,,8,3,4,0,10,0,"2",4,,2,0,,,,2,0,,,,2,,,2,,0,0,1,1,1,2,1,,,"1",,20,"3",1,"1,3,4,5",,1,1,"2",35,25,2,20,1,2,1,1,"1",,1,1,1,,,"4",0
139,-0.456352740526199,35.971851348877,4,2,1,44,3,1,3,1,0,0,,1,0,1,0,"3",2,"6",2,0,,,,2,0,,,,2,,,1,2,0,0,2,2,99,2,1,"0",,"3",,0,"1",1,"12","Don't Know",1,2,"Null",,,,,,,,0,"10",,2,,,,,,
140,-0.448338896036148,35.9596366882324,4,3,1,40,3,5,4,1,1,1,1,0,,2,0,"2",4,,1,4,"2",4,,2,0,,,,2,,,1,4,1,0,2,2,99,1,1,"0",,"2",,4,"3",1,"2,3",,2,2,"Null",,,,,,,,3,"10",,1,3,1,,,"5",1
141,-0.460913687944412,35.9537544250488,4,2,1,58,4,5,8,3,2,0,,1,0,4,0,"2",4,,1,1,"2",4,,2,0,,,,2,,,2,,0,0,2,2,99,2,1,"0",,"2,3",,1,"3",1,"1,4,12","Drop in Milk Yield",1,2,"Null",,,,,,,,4,"1,2,3,4,5,6,9",,1,4,1,,,"5",1
142,-0.399016410112381,35.9120750427246,4,1,1,22,2,0.5,4,1,0,0,,1,1,2,0,"2,3",1,"3",1,7,"2,3",1,"3",2,0,,,,2,,,1,1,0,0,2,2,99,1,1,"0",,"3",,0,"3",1,"1,4,5",,1,2,"Null",,,,,,,,4,"1",,1,4,1,,,"4",1
143,-0.317816734313965,35.9841651916504,4,1,1,70,4,4,5,1,1,0,,0,,4,2,"2",4,,2,0,,,,2,0,,,,2,,,2,,0,0,2,2,99,1,1,"0",,"4","Breeding ",0,"3",1,"1,4",,1,2,"Null",,,,,,,12,2,"1",,1,1,1,,,"4",0
144,-0.507039427757263,35.9676780700684,4,2,1,48,4,2,5,1,0,1,0,0,,3,0,"2",4,,1,2,"2",4,,1,1,"2",4,,2,,,2,,0,0,1,1,2,2,1,,,"3",,0,,1,"1,3",,1,2,"Null",,,,,,,24,,"11","Give magadi oral",1,4,1,,,"5",1
145,-0.24049000442028,35.8290977478027,2,4,1,47,2,1,3,1,1,0,,0,,2,0,"2",3,"6",2,0,,,,2,0,,,,2,,,2,,0,0,2,2,99,2,1,"2,4","Rabbit","3",,0,"1,3",1,"1,3,4,5",,1,2,"Null",,,,,,,60,4,"1,2",,1,4,1,,,"4",1
146,-0.338773339986801,35.8619270324707,2,4,1,53,4,3,6,2,0,0,,0,,4,0,"3",1,"2,3,6",1,5,"3",1,"3,7",2,0,,,,2,,,1,2,1,0,1,2,99,1,1,"0",,"3",,0,"3",1,"1,4,5",,1,2,"Null",,,,,,,24,2,"1",,1,2,1,,,"4",1
147,-0.391797602176666,35.9167327880859,4,1,1,40,4,5,7,1,0,3,0,3,1,3,0,"3",1,"3,6",2,0,,,,2,0,,,,2,,,2,,1,0,2,2,99,1,1,"0",,"2",,0,"1,3",1,"1,3,5,11,12","Drop in Milk Yield",1,2,"Null",,,,,,,,4,"9,11","Spraying ",2,,,,,,
148,-0.342760056257248,35.9328117370605,4,1,1,62,4,250,20,3,1,7,3,10,10,0,,"2",4,,1,30,"2",4,,2,0,,,,2,,,2,,0,0,2,2,99,2,1,"0",,"4","Breeding",0,"1",1,"1,3,4",,2,2,"Null",,,,,,,,4,"1,2,9",,1,1,1,,,"4",0
149,-0.26163250207901,35.959285736084,4,3,1,40,4,10,6,1,1,1,0,0,,4,1,"2,3",2,"3,6",1,1,"2",3,"3,7",2,0,,,,2,,,2,,0,0,2,2,99,1,1,"0",,"3",,0,"2",1,"4,5",,2,2,"Null",,,,,,,,3,"1",,1,3,1,,,"2",0
150,-0.32436665892601,35.8686866760254,2,4,1,38,2,1,7,2,1,0,,0,,5,0,"2,3",2,"3,6",2,0,,,,2,0,,,,2,,,2,,1,0,1,1,1,2,1,"0",,"3",,0,"1,3",1,"1,4,5",,1,2,"Null",,,,,,,24,2,"1,3",,1,1,1,,,"4",1
151,-0.407642126083374,35.9189453125,4,5,1,40,4,5,20,1,1,0,,2,2,6,0,"2",4,"1",2,0,"3",,"1",2,0,,,,2,,,1,2,0,0,1,2,99,2,1,"4","Fox. Hyena.","3",,0,"1",1,"3,4,5,6,11,12","Lesions on nose. Pain. Milk drop",2,2,"Null",,,,,,,20,3,"2,5,9",,1,1,1,,,"3",0
152,-0.206696674227715,35.928108215332,1,4,2,20,2,3,2,0,,1,1,0,,1,0,"3",1,"3,6",1,2,"2",4,,2,0,,,,2,,,2,,0,0,2,2,99,2,1,"0",,"1",,1,"1",1,"4,5,6",,2,2,"Null",,,,,,,0,1,"1,2",,1,1,0,2,,"4",1
153,-0.236136317253113,35.7941474914551,2,5,1,56,4,1.25,3,0,,1,0,0,,2,0,"2,3",3,"6",1,9,"2,3",3,"7",2,0,,,,2,,,1,1,0,0,2,2,99,1,1,"2,4","Porcupine Hares","3",,0,"1",1,"1,5",,1,2,"Null",,,,,,,,0,"10",,1,4,9,,,"3",0
154,-0.128778338432312,35.8747367858887,1,4,1,32,2,0.75,9,1,0,0,,0,,8,1,"2,3",1,"3,6",1,6,"2,3",1,"3,7",2,0,,,,2,,,2,,1,1,2,2,99,2,1,,,"2",,2,"3",1,"1,5,11",,1,2,"Null",,,,,,,0,1,"1,2,5",,1,4,1,,,"4",1
155,-0.145303338766098,35.8646278381348,1,4,1,24,2,7,11,2,1,3,1,0,,6,0,"1,2",4,,1,7,"2",4,,2,0,,,,2,,,2,,0,0,1,2,99,1,1,"2","Advark","3",,0,,1,"11",,2,2,"Null",,,,,,,1,,"1,2,4,6",,1,1,0,1,,"4",0
156,-0.33067587018013,35.9342765808105,4,1,1,65,4,0.25,6,2,0,0,,0,,4,2,"2,3",1,"3",1,2,"3",1,"3",2,0,,,,2,,,1,2,0,0,2,2,99,2,1,"0",,"4","Breeding",0,"1",1,"1,3,4,11",,1,2,,,,,,,,,4,"1",,1,4,1,,,"2",0
157,-0.220750004053116,35.8343849182129,1,4,1,58,3,5,4,0,,2,0,0,,2,0,"2",4,,2,0,,,,2,0,,,,2,,,2,,0,0,2,2,99,2,1,,,"3",,0,,1,"1,2,4",,1,2,"Null",,,,,,,24,,"1,2",,1,2,1,,,"4",1
158,-0.340052574872971,35.7992630004883,2,2,1,22,2,2,2,0,,0,,1,0,1,0,"2",4,,2,0,,,,2,0,,,,2,,,2,,1,0,2,2,99,1,1,"0",,"2,3",,0,"1",2,,,,,"Null",,,,,,,,,,,99,,,,,,
159,-0.269713401794434,35.777759552002,2,2,1,40,2,2.5,3,1,0,0,,0,,2,0,"2,3",2,"3,6",2,0,,,,2,0,,,,2,,,2,,1,0,2,2,99,1,1,"0",,"1,3",,0,"3",1,"1,12","Tongue outside",1,2,"Null",,,,,,,12,2,"10",,1,3,1,,,"4",1
160,-0.251811653375626,35.8706245422363,2,4,1,31,1,0.800000011920929,1,0,,0,,0,,1,1,"3",1,"6",2,0,,,,2,0,,,,2,,,2,,0,0,2,2,99,1,1,"0",,"2",,1,"1",2,,,,,"Null",,,,,,,,,,,99,,,,,,
161,-0.148395001888275,35.832706451416,1,4,1,27,2,5,1,0,,0,,0,,1,0,"2,3",2,,1,2,"2,3",2,,2,0,,,,2,,,2,,0,0,2,2,99,2,1,,,"2",,0,,1,,,1,2,"Null",,,,,,,0,,"10",,2,,,,,,
162,-0.375793665647507,35.93115234375,4,1,1,72,4,5.5,5,1,0,2,0,0,,2,0,"2",4,,1,4,"2",4,,2,0,,,,2,,,2,,0,0,1,1,2,2,1,"4","Leopard","4","Breeding",0,"1",1,"1,4,12","Diarrhoea, Skin problem",1,2,"Null",,,,,,,,0,"1,2,4",,1,4,1,,,"4",1
163,-0.162304997444153,35.8967704772949,1,4,1,70,4,6,5,2,2,0,,1,0,2,0,"2",4,,1,12,"2",4,,2,0,,,,2,,,2,,0,0,2,2,99,2,1,"4",,"2,3",,0,,1,"1,4,5,11,12","Drop in Milk Yield",2,2,"Null",,,,,,,1,,"2,6",,1,4,0,2,,"4",1
164,-0.256415009498596,35.9502182006836,4,3,1,40,4,0.25,2,0,,0,,1,0,1,0,"2,3",2,"3",1,7,"2,3",2,"3",2,0,,,,2,,,2,,0,0,2,2,99,2,1,"0",,"2,3",,1,"1",1,"1,5",,1,2,"Null",,,,,,,16,3,"10",,1,3,1,,,"4",1
165,-0.31471249461174,35.7789916992188,2,2,1,52,3,2.5,3,1,0,0,,0,,2,0,"3",1,"6",2,0,,,,2,0,,,,2,,,2,,0,0,2,1,1,2,1,"0",,"3",,0,"1,2",1,"12","Don't Know",1,2,"Null",,,,,,,,0,"10",,2,,,,,,
166,-0.194068685173988,35.8946533203125,1,1,1,29,2,2,2,0,,0,,0,,2,0,"2",1,"2,3",1,1,"2,3",1,"2,3",2,0,,,,2,,,2,,0,0,2,2,99,1,1,"0",,"1,3",,0,"1,3",1,"3,4,5",,2,1,"3",1,1,0,0,1,1,2,1,"2",,2,,,,,,
167,-0.314901679754257,35.8487167358398,2,4,1,48,3,1,1,0,,0,,0,,1,0,"1",4,,1,4,"3",1,"1,3,7",2,0,,,,2,,,2,,0,0,2,2,99,2,1,"0",,"1,3",,1,"1",1,"1,2,3,5",,1,2,"Null",,,,,,,12,2,"1,2",,1,3,1,,,"4",1
168,-0.206200003623962,35.8606300354004,1,4,1,29,1,0.75,3,0,,0,,1,0,2,0,"3",1,"2,3,6",1,26,"3",1,"2,3,7",2,0,,,,2,,,2,,1,1,1,1,2,2,1,"0",,"1",,1,"3",1,"1,2,4,5",,2,1,"4",4,4,0,0,1,3,3,1,"10",,2,,,,,,
169,-0.339166671037674,35.8783416748047,2,4,1,72,4,3,4,1,1,0,,1,0,2,0,"2",4,,1,4,"2",4,,2,0,,,,2,,,2,,0,0,2,2,99,1,1,"0",,"3",,0,"1,3",1,"1,4",,1,2,"Null",,,,,,,24,2,"2,4,5",,2,,,,,,
170,-0.305777132511139,35.9737739562988,4,1,1,23,2,9,4,1,1,0,,0,,3,1,"2",4,,2,0,,,,2,0,,,,2,,,2,,0,0,2,2,99,1,1,"0",,"3",,1,"1",1,"1,2",,1,2,"Null",,,,,,,4,1,"1",,1,3,1,,,"4",0
171,-0.224176660180092,35.8591423034668,1,4,1,37,1,0.5,2,1,1,0,,0,,1,0,"3",1,"6",2,0,,,,2,0,,,,2,,,2,,1,0,2,2,99,2,1,,,"1,3",,0,"3",1,"1,2,3,4,5",,1,2,"Null",,,,,,,3,1,"1,2,5",,1,1,0,1,,"4",1
172,-0.208945006132126,35.9312133789062,1,4,1,51,4,1,2,1,0,0,,0,,1,0,"2,3",2,"3",1,6,"2,3",2,"3",2,0,,,,2,,,2,,0,0,2,2,99,2,1,"0",,"1,3",,5,"1",1,"1,2,4,5",,1,2,"Null",,,,,,,12,2,"10",,2,,,,,,
173,-0.34025239944458,35.8878974914551,4,1,1,68,4,5,6,3,1,0,,1,0,2,2,"2,3",1,"3",1,10,"2,3",1,"3",2,0,,,,2,,,1,1,1,0,2,2,99,2,1,"0",,"2,3",,0,"3",1,"1,2,4",,2,2,"Null",,,,,,,12,2,"1,2",,1,3,1,,,"4",1
174,-0.286480009555817,35.8870582580566,4,3,1,60,4,2,4,0,,1,0,0,,3,0,"2",4,,1,4,"2",4,,2,0,,,,2,,,1,2,0,0,2,2,99,2,1,"0",,"3",,0,"1,3",1,"1,3,4,12","Swelling under the jaw",1,2,"Null",,,,,,,7,2,"2",,1,3,1,,,"4",1
175,-0.418594986200333,35.9621543884277,4,3,1,32,1,2.5,1,0,,0,,0,,1,0,"2",4,,1,6,"2,3",1,"3",2,0,,,,2,,,2,,0,0,2,2,99,2,1,"0",,"2",,1,,1,,,1,3,"Null",,,,,,,,4,"10",,2,,,,,,
176,-0.335330933332443,35.8303833007812,2,2,1,61,4,5,8,1,0,0,,0,,2,1,"2",4,,2,0,,,,2,0,,,,2,,,2,,1,0,2,1,1,1,1,"4","Squirrel ","1,2,3",,0,"2,3",1,"1,3,4,5",,1,2,"Null",,,,,,,,4,"10",,2,,,,,,
177,-0.207409858703613,35.8739929199219,1,5,1,80,2,7,7,3,2,0,,0,,4,0,"2",4,,2,0,,,,2,0,,,,2,,,2,,1,1,2,2,99,2,1,"2",,"2,3",,0,"3",1,"1,2,4,5,12","Drop in Milk Yield",1,2,"Null",,,,,,,2.5,1,"2",,2,,,,,,
178,-0.392240673303604,35.9572143554688,4,1,1,22,4,2.5,4,1,1,2,1,0,,1,0,"2",4,,1,2,"2",4,,2,0,,,,2,,,2,,0,0,2,2,99,2,1,"0",,"3",,0,"3",1,"1,5",,1,2,"Null",,,,,,,,0,"1",,1,4,1,,,"4",0
179,-0.414113402366638,35.9185066223145,4,1,1,29,4,5,2,0,,0,,1,0,1,0,"2,3",1,"1,3",2,0,,,,2,0,,,,2,,,2,,1,0,2,2,99,1,1,"0",,"3",,0,"3",1,"1,2,4,5",,1,2,"Null",,,,,,,,0,"10",,1,2,1,,,"4",1
180,-0.308910012245178,35.9175682067871,4,1,1,82,4,2.5,4,1,0,0,,0,,2,0,"3",1,"3",1,7,"3",4,,2,0,,,,2,,,2,,0,0,1,1,1,2,1,,,"4","Breeding",0,"1",1,"1,4,5",,1,2,"Null",,,,,,,,0,"1",,1,3,1,,,"4",1
181,-0.281741499900818,35.9179077148437,4,1,1,60,2,10,9,2,2,1,0,2,0,5,5,"2",4,,2,0,,,,2,0,,,,2,,,2,,0,0,2,2,99,2,1,"0",,"2,3",,2,"1",1,,,1,2,"Null",,,,,,,,0,"9",,1,3,1,,,"4",0
182,-0.169046670198441,35.9064102172852,1,4,1,81,4,5,10,0,,5,2,0,,5,0,"2",3,"3",1,3,"2",4,,1,5,"2",4,"5",2,,,2,,0,0,2,2,99,2,1,,,"3",,0,"1",1,"1,2,4",,1,2,"Null",,,,,,,1,1,"1,2,3",,1,1,1,,,"4",0
183,-0.342643082141876,35.8900718688965,4,1,2,35,2,25,6,1,1,1,0,0,,4,0,"2",4,,1,15,"2",4,,2,0,,,,2,,,2,,1,0,2,2,99,2,1,"0",,"3",,0,"3",1,"1,3,11",,1,3,"Null",,,,,,,12,2,"1,2,9",,1,3,1,,,"4",1
184,-0.361003190279007,35.9769248962402,4,2,1,29,2,4.5,5,2,0,1,0,0,,2,0,"2,3",2,"6",1,3,"2,3",2,"7",1,1,"2,3",2,"6",2,,,2,,0,0,2,2,99,2,1,"0",,"3",,0,"1",1,"12","Don't Know",1,2,"Null",,,,,,,,0,"10",,2,,,,,,
185,-0.330264419317245,35.7534065246582,2,2,1,48,4,2.5,5,3,3,0,,0,,2,0,"1,3",1,"6",1,2,"2",4,,2,0,,,,2,,,1,2,0,0,2,2,99,1,1,"0",,"2,3",,2,"1",1,"4,5",,1,2,"Null",,,,,,,,4,"10",,1,4,1,,,"4",1
186,-0.514973759651184,35.9549102783203,4,3,2,31,4,11,4,1,0,1,1,0,,2,0,"2",4,,2,0,,,,2,0,,,,2,,,2,,0,0,2,2,99,2,1,"0",,"3",,0,"3",1,"1,4",,1,2,"Null",,,,,,,,4,"10",,2,,,,,,
187,-0.446101784706116,35.9789962768555,4,2,1,84,4,5,2,1,0,0,,0,,1,0,"2",4,,1,3,"2",4,,2,0,,,,2,,,2,,0,0,2,2,99,1,1,"2,4","Hyenas","2,3",,1,,1,"1,3,4",,1,2,,,,,,,,,,"10",,1,4,1,,,"2",1
188,-0.143810003995895,35.8372001647949,1,4,1,52,4,4,1,0,,0,,0,,1,0,"2",2,,1,5,"2,3",2,,2,0,,,,2,,,2,,0,0,2,2,99,2,1,,,"1",,1,,1,"1,2,4",,2,2,"Null",,,,,,,24,,"1,2",,1,4,1,,,"4",1
189,-0.21578449010849,35.9551162719727,1,1,1,53,3,1,2,0,,0,,0,,2,0,"2",4,,1,7,"2",4,,2,0,,,,2,,,2,,0,0,2,2,99,2,1,"0",,"2,3",,1,"1",2,,,,,"Null",,,,,,,,,,,99,,,,,,
190,-0.258216261863708,35.8169708251953,2,5,3,28,2,4,5,1,1,1,1,1,0,2,0,"2,3",2,"6",1,7,"2",4,,2,0,,,,2,,,2,,0,0,2,2,99,2,2,"2",,"3",,0,"1",1,"3,5,11",,1,1,"6",5,1,0,0,1,0,6,1,"10",,1,1,0,1,,"5",1
191,-0.326055735349655,35.7632369995117,2,2,1,78,4,7,3,0,,0,,0,,3,0,"2",4,,1,7,"2",4,,2,0,,,,2,,,2,,0,0,2,2,99,2,1,"0",,"2",,0,"1",1,"7",,1,2,"Null",,,,,,,,4,"10",,1,1,1,,,"5",0
192,-0.307295054197311,35.7780838012695,2,2,5,35,1,15,11,0,,3,3,2,0,6,0,"1",2,"3",1,26,"3",1,"7",2,0,,,,2,,,2,,0,0,2,2,99,2,1,"0",,"2,3",,8,"1",1,"1,4,5",,1,2,"Null",,,,,,,,4,"10",,2,,,,,,
193,-0.164431661367416,35.9038162231445,1,4,1,72,1,35,22,0,,11,2,2,0,9,0,"2",4,,1,8,"2",4,,1,16,"2",4,,2,,,2,,0,0,2,2,99,2,1,,,"3",,0,,1,"3,11",,2,2,"Null",,,,,,,,,"2,8,9",,2,,,,,,
194,-0.22583332657814,35.9933128356934,1,4,2,21,4,4,5,0,,0,,1,0,3,1,"3",1,"6",2,0,,,,2,0,,,,2,,,2,,0,0,2,2,99,2,1,"0",,"1",,3,"1",1,"1,5",,1,2,"Null",,,,,,,10,2,"1",,1,4,1,,,"4",0
195,-0.201423034071922,35.9139213562012,1,1,1,42,3,2,3,0,,1,0,0,,2,0,"3",1,"2,3",2,0,,,,2,0,,,,2,,,2,,0,0,2,2,99,1,1,"0",,"2,3",,1,"3",1,"1,4,5",,1,2,"Null",,,,,,,2,1,"2",,2,,,,,,
196,-0.316842347383499,35.9902801513672,4,1,1,32,3,2,3,1,0,0,,0,,2,0,"2",4,,1,6,"2",4,,2,0,,,,2,,,2,,0,0,2,2,99,1,1,"0",,"4","Breeding",0,"1,3",1,"1,4,11",,1,2,"Null",,,,,,,12,2,"10",,1,4,1,,,"4",1
197,-0.14054499566555,35.8868789672852,1,4,1,48,3,4,2,0,,0,,0,,2,0,"2,3",3,"3",1,6,"2,3",3,"7",1,1,"2,3",3,"6",2,,,2,,0,0,2,1,2,2,1,,,"1,3",,0,"3",1,"1,3,4,5",,2,1,"4",4,2,1,0,0,1,2,1,"2",,2,,,,,,
198,-0.423861652612686,35.9888916015625,4,3,1,56,4,10,2,1,1,0,,0,,1,0,"2",4,,1,8,"2",4,,2,0,,,,2,,,2,,0,0,2,2,99,2,2,"0",,"3",,0,"1,3",1,"2,5",,1,2,"Null",,,,,,,,4,"2",,2,,,,,,
199,-0.394002705812454,35.9172286987305,4,1,1,78,4,4,4,1,1,0,,0,,3,0,"2,3",1,"1,3",1,8,"2",4,,2,0,,,,2,,,2,,0,0,2,2,99,2,1,"0",,"2,3",,1,"1",1,"1,5",,1,2,"Null",,,,,,,12,3,"1,11","Spraying ",1,3,1,,,"2",0
200,-0.167933329939842,35.9052200317383,1,4,1,76,4,30,15,8,6,0,,0,,8,0,"2",4,,1,20,"2",4,,2,0,,,,2,,,2,,0,0,2,2,99,2,1,"2",,"1,2",,0,,1,"1,3,4,11,12","Drop in Milk Yield",1,1,"3",16,4,1,0,0,4,2,,"1",,1,1,1,,,"4",1
201,-0.199365004897118,35.8388481140137,1,4,1,25,4,1.5,2,0,,0,,0,,2,0,"2",3,,2,0,,,,2,0,,,,2,,,2,,0,0,2,2,99,2,1,,,"2",,1,,1,"1,2,3,4,11,12","Drop in Milk Yield",1,2,"Null",,,,,,,0,,"2,9,11","Hygiene",2,,,,,,
202,-0.253699988126755,35.8473358154297,2,3,1,59,3,2,1,0,,0,,0,,1,0,"2,3",2,"3,6",1,3,"2,3",2,"3,7",2,0,,,,2,,,2,,0,0,2,2,99,2,1,"2,4","Hares","2,3",,0,"1",1,"1,12","Swollen lymph nodes",1,2,"Null",,,,,,,,4,"10",,1,4,1,,,"4",0
203,-0.418471664190292,35.937141418457,4,3,1,69,4,5,5,1,1,0,,1,1,3,2,"2",4,,1,2,"2",4,,2,0,,,,2,,,2,,1,0,2,2,99,2,1,"0",,"1,3",,0,"3",1,"1,4",,1,2,"Null",,,,,,,,4,"10",,1,1,1,,,"4",1
204,-0.426889985799789,35.9399871826172,4,3,1,23,4,5,10,3,2,1,1,3,2,3,1,"2,3",2,"3",1,2,"2,3",2,"3",2,0,,,,2,,,1,2,0,0,2,2,99,1,1,"0",,"1,3",,0,"2,3",1,"1,3,5,10",,2,2,"Null",,,,,,,36,4,"10",,2,,,,,,
205,-0.139080002903938,35.8648986816406,1,4,1,23,2,2,1,0,,0,,0,,1,0,"2",3,,2,0,,,,2,0,,,,2,,,2,,1,0,2,2,99,2,1,,,"2",,1,,1,"1,4",,2,2,"Null",,,,,,,0,,"10",,1,3,1,,,"4",1
206,-0.23957833647728,35.921802520752,1,4,1,54,3,6,6,1,1,0,,0,,5,0,"2,3",2,"3,6",1,3,"2,3",2,"7",2,0,,,,2,,,2,,0,0,2,2,99,2,1,,,"3",,0,"1",2,"2,3",,,,"Null",,,,,,,,,,,99,,,,,,
207,-0.240012392401695,35.9880409240723,1,1,1,49,2,7,5,0,,2,1,0,,3,0,"2",4,,2,0,,,,2,0,,,,2,,,2,,0,0,2,2,99,1,1,"0",,"2",,1,"1",1,"1,2,12","Drop in Milk Yield",1,2,,,,,,,,12,2,"2",,1,3,1,,,"4",0
208,-0.289875000715256,35.8064956665039,2,3,1,50,4,8,5,1,1,3,2,0,,1,0,"2",4,,1,3,"2",4,,2,0,,,,2,,,2,,0,0,2,2,99,1,1,"4","Monkeys","2,3",,3,"3",1,"1,2,5",,1,2,"Null",,,,,,,,4,"10",,2,,,,,,
209,-0.228781700134277,35.8870887756348,1,5,1,34,3,16,3,0,,0,,0,,3,0,"2",4,,2,0,,,,2,0,,,,2,,,2,,0,0,2,2,99,2,1,"0",,"2",,1,"1",1,,,1,2,"Null",,,,,,,,3,"2",,2,,,,,,
210,-0.333806663751602,35.9435234069824,4,3,2,41,4,4,6,1,0,0,,0,,5,2,"2",4,,1,7,"2",4,,1,5,"2",4,,1,8,1,2,,0,0,1,1,2,1,1,,,"3",,7,,1,"1,3,4",,1,2,,,,,,,,1,,"1,2,6",,1,1,1,,,"2",0
211,-0.200803339481354,35.831111907959,1,4,1,36,4,5,10,3,1,1,0,0,,6,0,"2",3,,1,9,"2",4,,2,0,,,,2,,,2,,1,0,2,2,99,2,1,,,"3",,0,,1,"1,4",,1,2,"Null",,,,,,,60,,"1",,1,1,1,,,"4",1
212,-0.183984994888306,35.9060668945312,1,4,1,57,2,4,1,0,,0,,0,,1,1,"2,3",2,"3,6",2,0,,,,2,0,,,,2,,,2,,1,0,2,2,99,2,1,,,"1,2",,0,,1,"1,2,4,5",,1,2,"Null",,,,,,,1,1,"1,2,3,8",,1,4,1,,,"4",0
213,,,2,2,1,28,2,3.25,2,1,1,0,,0,,1,0,"2,3",2,"3",2,0,,,,2,0,,,,2,,,2,,0,0,2,2,99,2,1,"0",,"1,2,3",,1,"3",1,"1,2,12","Week joints",1,2,"Null",,,,,,,,0,"11","Local remedies every 5 months approx",2,,,,,,
214,0,0,4,5,1,48,4,27,5,1,1,0,,0,,4,0,"2",4,,1,13,"2",4,,2,0,,,,2,,,2,,0,0,2,2,99,2,1,"0",,"3",,0,"1",1,"1,2,10",,1,2,,,,,,,,24,4,"2,11","Don't bring in food from outside ",1,4,1,,,"3",0
215,-0.159203335642815,35.9010124206543,1,4,2,20,2,2,6,1,0,2,2,0,,3,0,"2,3",2,,2,0,,,,2,0,,,,2,,,2,,0,0,2,2,99,2,1,,,"3",,0,,1,"1,2,3,4,5,6,11",,1,1,"2",6,5,0,2,0,3,1,,"10",,1,2,1,,,"4",1
216,,,2,2,1,50,4,5,2,0,,1,1,0,,1,0,"2",4,,1,8,"2",4,,2,0,,,,2,,,2,,0,0,2,2,99,2,1,"2,4","Rabbits","2,3",,1,"1",1,"1,4,11,12","Weakness",1,2,"Null",,,,,,,,2,"2",,1,4,1,,,"4",1
217,,,4,3,1,20,1,2,3,0,,1,0,0,,2,0,"2,3",1,,2,0,,,,2,0,,,,2,,,2,,0,0,2,2,2,1,1,,,"2",,2,,1,,,1,2,,,,2,,,,,,,,99,,,,,,
218,,,4,3,1,62,4,0.25,3,1,0,0,0,0,,2,0,"2,3",1,,2,0,"2",,,2,0,,,,2,,,2,,1,0,2,2,99,1,1,,,"3",,0,,1,"1,2,5",,1,2,"120",,,,,,,,,"11","spray for ticks and keep animal dru",2,,,,,,
219,,,2,2,1,26,2,5,4,1,1,0,,0,,3,0,"2",3,"3",2,0,,,,2,0,,,,2,,,2,,1,0,2,2,99,1,1,"0",,"1,3",,0,"1",1,"1,4,5",,1,2,,,,,,,,,0,"2,9",,1,2,1,,,"4",1
220,-0.326926678419113,35.9440383911133,4,3,2,48,4,4,4,0,,1,0,1,0,2,0,"2",4,,2,0,,,,2,0,,,,2,,,2,,0,0,1,1,1,2,1,,,"3",,0,,1,"4,5",,1,2,,,,,,,,60,,"2",,1,4,0,1,,"5",0
